{"cameraMode":{"drawMode":0,"name":"Shaded","section":"Shading Mode"},"sceneLighting":true,"audioPlay":false,"sceneViewState":{"showFog":true,"showMaterialUpdate":false,"showSkybox":true,"showFlares":true,"showImageEffects":true,"showParticleSystems":true,"showVisualEffectGraphs":true,"m_FxEnabled":true},"in2DMode":false,"pivot":{"x":-6.570374965667725,"y":1.3050974607467652,"z":1.5535058975219727},"rotation":{"x":0.006694004870951176,"y":0.6683340668678284,"z":-0.006015484221279621,"w":0.743810772895813},"size":7.744257926940918,"orthographic":false}